<!-- Find Errors CustomOreGen.Config.ParserException -->
<IfModInstalled name="techreborn">
    <ConfigSection>
        <!-- Biome Sets -->
        <!-- Iron -->
        <BiomeSet name="IronBiomes">
            <Biome name="Plains" />
            <Biome name="Ice Plains" />
            <Biome name="Savanna" />
            <Biome name="Savanna Plateau" />
            <Biome name="Sunflower Plains" />
        </BiomeSet>
        <BiomeSet name="GoldBiomes">
            <Biome name="River" />
            <Biome name="Cold Beach " />
            <Biome name="Stone Beach" />
            <Biome name="Extreme Hills" />
            <Biome name="Extreme Hills Edge " />
            <Biome name="Extreme Hills+" />
            <Biome name="FrozenRiver" />
        </BiomeSet>
        <BiomeSet name="DiamondBiomes">
            <Biome name="Swampland" />
            <Biome name="Swampland M" />
        </BiomeSet>
        <BiomeSet name="RedstoneRubyBiomes">
            <Biome name="Birch Forest" />
            <Biome name="Birch Forest Hills" />
            <Biome name="Birch Forest M" />
            <Biome name="Birch Forest Hills M" />
        </BiomeSet>
        <BiomeSet name="LapisBiomes">
            <Biome name="Cold Taiga" />
            <Biome name="Cold Taiga M " />
            <Biome name="Cold Taiga Hills" />
            <Biome name="Ice Plains" />
            <Biome name="Ice Mountains" />
            <Biome name="FrozenRiver" />
            <Biome name="Cold Beach" />
        </BiomeSet>
        <BiomeSet name="EmeraldBiomes">
            <Biome name="Extreme Hills" />
            <Biome name="Extreme Hills Edge " />
            <Biome name="Extreme Hills+" />
            <Biome name="Mega Taiga Hills" />
            <Biome name="Mega Taiga" />
            <Biome name="Ice Mountains" />
            <Biome name="Mega Taiga" />
            <Biome name="Ice Mountains" />
        </BiomeSet>
        <!-- Sparse presets -->
        <StandardGenPreset name="SparseStone">
            <Setting name="Size" avg="2" range="5" />
            <Setting name="ParentRangeLimit" avg="32" range="32" type="normal" />
            <ReplacesOre block="blockLimestone" />
            <ReplacesOre block="blockMarble" />
            <ReplacesOre block="marble" />
            <ReplacesOre block="stone" />
            <ReplacesOre block="stoneBasalt" />
            <ReplacesOre block="stoneMarble" />
        </StandardGenPreset>
        <StandardGenPreset name="SparseNetherrack">
            <Setting name="Size" avg="3" range="5" />
            <Replaces block="minecraft:netherrack" />
        </StandardGenPreset>
        <StandardGenPreset name="SparseEndstone">
            <Setting name="Size" avg="3" range="5" />
            <ReplacesOre block="stoneEndstone" />
        </StandardGenPreset>
        <!-- ~~~~~~~~~~~~~~~~~~ Choices Start ~~~~~~~~~~~~~~~~~~~~~~~~ -->
        <ConfigSection>
            <OptionDisplayGroup name="groupCustomOres" displayName="FarScape Ores" displayState="shown">
                <Description>
					Distribution options for ores.
			</Description>
            </OptionDisplayGroup>
            <ConfigSection>
                <OptionChoice name="FarScapeDist" default="FarScapeVeins" displayGroup="groupCustomOres" displayState="shown">
                    <Description> Controls if ore is generated as Farscape or Vanilla type generatation </Description>
                    <DisplayName> Ore Generation </DisplayName>
                    <Choice value="FarScapeVeins" displayValue="Default Farscape Veins">
                        <Description>Farscape type generation.</Description>
                    </Choice>
                    <Choice value="vanillaStdGen" displayValue="Default Vanilla Clusters">
                        <Description>vanilla type generation.</Description>
                    </Choice>
                </OptionChoice>
            </ConfigSection>
        </ConfigSection>
        <!-- ~~~~~~~~~~~~~~~~~~ Choices End ~~~~~~~~~~~~~~~~~~~~~~~~ -->
        <!--**********   Ore Generation Cleared   *************-->
        <IfCondition condition=":= ?COGActive">
            <Substitute name="StandardOreSubstitute" block="minecraft:stone">
                <Description>
						Replace vanilla-generated ore clusters with stone.
				</Description>
                <Replaces block="minecraft:coal_ore" />
                <Replaces block="minecraft:iron_ore" />
                <Replaces block="minecraft:gold_ore" />
                <Replaces block="minecraft:redstone_ore" />
                <Replaces block="minecraft:diamond_ore" />
                <Replaces block="minecraft:lapis_ore" />
                <Replaces block="minecraft:emerald_ore" />
            </Substitute>
            <ConfigSection>
                <!-- *************************************************** Standard Dist ********************************************************* -->
                <IfCondition condition=":= FarScapeDist = &quot;vanillaStdGen&quot;">
                    <!-- iron -->
                    <StandardGen name="IronStandard" block="minecraft:iron_ore" inherits="PresetStandardGen">
                        <Description> Equivalent to vanilla minecraft iron distribution </Description>
                        <DrawWireframe>:=drawWireframes</DrawWireframe>
                        <WireframeColor>0x40221100</WireframeColor>
                        <Setting name="Size" avg="8" range="2" />
                        <Setting name="Frequency" avg="15" />
                        <Setting name="Height" avg="45" range="10" scaleTo="sealevel" />
                    </StandardGen>
                    <!-- gold -->
                    <StandardGen name="GoldStandard" block="minecraft:gold_ore" inherits="PresetStandardGen">
                        <Description> Equivalent to vanilla minecraft iron distribution </Description>
                        <DrawWireframe>:=drawWireframes</DrawWireframe>
                        <WireframeColor>0x40221100</WireframeColor>
                        <Setting name="Size" avg="8" range="2" />
                        <Setting name="Frequency" avg="15" />
                        <Setting name="Height" avg="28" range="5" scaleTo="sealevel" />
                    </StandardGen>
                    <!-- diamond -->
                    <StandardGen name="DiamondStandard" block="minecraft:diamond_ore" inherits="PresetStandardGen">
                        <Description> Equivalent to vanilla minecraft iron distribution </Description>
                        <DrawWireframe>:=drawWireframes</DrawWireframe>
                        <WireframeColor>0x40221100</WireframeColor>
                        <Setting name="Size" avg="6" range="2" />
                        <Setting name="Frequency" avg="10" />
                        <Setting name="Height" avg="9" range="5" scaleTo="sealevel" />
                    </StandardGen>
                </IfCondition>
                <!-- *************************************************** Custom Dist ********************************************************* -->
                <IfCondition condition=":= FarScapeDist = &quot;FarScapeVeins&quot;">
                    <!-- ***************************************************** IRON ********************************************************** -->
                    <!-- Normal Freq -->
                    <Veins name="IronVeins" inherits="PresetHugeVeins">
                        <OreBlock block="minecraft:iron_ore" weight="0.40" />
                        <OreBlock block="beyondreality:sparseiron" weight="0.55" />
                        <OreBlock block="denseores:minecraft_iron_ore_0" weight="0.05" />
                        <DrawWireframe>:=drawWireframes</DrawWireframe>
                        <WireframeColor>0x60EBD6E9</WireframeColor>
                        <Setting name="MotherlodeSize" avg="7" range="2" type="normal" />
                        <Setting name="MotherlodeFrequency" avg="0.0020" />
                        <!--How offten it generates-->
                        <Setting name="MotherlodeHeight" avg="45" range="3" />
                        <!--Y Level spawn -->
                        <Setting name="BranchLength" avg="600" range="200" type="normal" />
                        <Setting name="BranchHeightLimit" avg="5" />
                        <Setting name="BranchInclination" avg="0.0" range="0.03" />
                        <Setting name="SegmentAngle" avg="0.30" range="0.30" />
                        <Setting name="SegmentLength" avg="30" range="6" />
                        <Setting name="SegmentForkFrequency" avg="0.01" />
                        <Setting name="SegmentRadius" avg="0.83" range="0.02" />
                    </Veins>
                    <!-- Increased Chances -->
                    <Veins name="IronPrefVeins" inherits="PresetHugeVeins">
                        <OreBlock block="minecraft:iron_ore" weight="0.50" />
                        <OreBlock block="beyondreality:sparseiron" weight="0.40" />
                        <OreBlock block="denseores:minecraft_iron_ore_0" weight="0.10" />
                        <DrawWireframe>:=drawWireframes</DrawWireframe>
                        <WireframeColor>0x60EBD6E9</WireframeColor>
                        <Setting name="MotherlodeFrequency" avg="0.0039" />
                        <!--How offten it generates-->
                        <Setting name="MotherlodeHeight" avg="45" range="3" />
                        <!--Y Level spawn -->
                        <Setting name="MotherlodeSize" avg="9" range="2" type="normal" />
                        <Setting name="BranchLength" avg="600" range="200" type="normal" />
                        <Setting name="BranchHeightLimit" avg="5" />
                        <Setting name="BranchInclination" avg="0.0" range="0.03" />
                        <Setting name="SegmentAngle" avg="0.30" range="0.30" />
                        <Setting name="SegmentLength" avg="30" range="6" />
                        <Setting name="SegmentForkFrequency" avg="0.01" />
                        <Setting name="SegmentRadius" avg="0.90" range="0.02" />
                        <!-- Increased chances to spawn in -->
                        <BiomeSet inherits="IronBiomes" />
                    </Veins>
                    <!-- Sparse ores -->
                    <StandardGen name="Sparse Iron 1" inherits="SparseStone">
                        <OreBlock block="beyondreality:sparseiron" />
                        <Setting name="Frequency" avg="28" range="6" scaleTo="biome" />
                        <Setting name="Height" avg="45" range="30" scaleTo="biome" />
                    </StandardGen>
                    <StandardGen name="Sparse Iron 2" inherits="SparseStone">
                        <OreBlock block="beyondreality:sparseiron" />
                        <Setting name="Frequency" avg="18" range="6" scaleTo="biome" />
                        <Setting name="Height" avg="35" range="30" scaleTo="biome" />
                    </StandardGen>
                    <StandardGen name="Sparse Iron 3" inherits="SparseStone">
                        <OreBlock block="beyondreality:sparseiron" />
                        <Setting name="Frequency" avg="22" range="3" scaleTo="biome" />
                        <Setting name="Height" avg="45" range="5" scaleTo="biome" />
                    </StandardGen>
                    <!-- End Iron -->
                    <!-- ***************************************************** GOLD ********************************************************** -->
                    <!-- Normal Freq -->
                    <Veins name="GoldVeins" inherits="PresetHugeVeins">
                        <OreBlock block="minecraft:gold_ore" weight="0.40" />
                        <OreBlock block="beyondreality:sparsegold" weight="0.55" />
                        <OreBlock block="denseores:minecraft_gold_ore_0" weight="0.05" />
                        <DrawWireframe>:=drawWireframes</DrawWireframe>
                        <WireframeColor>0x60EBD6E9</WireframeColor>
                        <Setting name="MotherlodeSize" avg="5" range="2" type="normal" />
                        <Setting name="MotherlodeFrequency" avg="0.0018" />
                        <!--How offten it generates-->
                        <Setting name="MotherlodeHeight" avg="25" range="3" />
                        <!--Y Level spawn -->
                        <Setting name="BranchLength" avg="400" range="100" type="normal" />
                        <Setting name="BranchHeightLimit" avg="5" />
                        <Setting name="BranchInclination" avg="0.0" range="0.03" />
                        <Setting name="SegmentAngle" avg="0.30" range="0.30" />
                        <Setting name="SegmentLength" avg="30" range="6" />
                        <Setting name="SegmentForkFrequency" avg="0.01" />
                        <Setting name="SegmentRadius" avg="0.83" range="0.02" />
                    </Veins>
                    <!-- Increased Chances -->
                    <Veins name="GoldPrefVeins" inherits="PresetHugeVeins">
                        <OreBlock block="minecraft:gold_ore" weight="0.50" />
                        <OreBlock block="beyondreality:sparsegold" weight="0.40" />
                        <OreBlock block="denseores:minecraft_gold_ore_0" weight="0.10" />
                        <DrawWireframe>:=drawWireframes</DrawWireframe>
                        <WireframeColor>0x60EBD6E9</WireframeColor>
                        <Setting name="MotherlodeFrequency" avg="0.0038" />
                        <!--How offten it generates-->
                        <Setting name="MotherlodeHeight" avg="25" range="3" />
                        <!--Y Level spawn -->
                        <Setting name="MotherlodeSize" avg="6" range="2" type="normal" />
                        <Setting name="BranchLength" avg="450" range="125" type="normal" />
                        <Setting name="BranchHeightLimit" avg="5" />
                        <Setting name="BranchInclination" avg="0.0" range="0.03" />
                        <Setting name="SegmentAngle" avg="0.30" range="0.30" />
                        <Setting name="SegmentLength" avg="30" range="6" />
                        <Setting name="SegmentForkFrequency" avg="0.01" />
                        <Setting name="SegmentRadius" avg="0.90" range="0.02" />
                        <!-- Increased chances to spawn in -->
                        <BiomeSet inherits="GoldBiomes" />
                    </Veins>
                    <!-- Sparse ores -->
                    <StandardGen name="Sparse Gold 1" inherits="SparseStone">
                        <OreBlock block="beyondreality:sparsegold" />
                        <Setting name="Frequency" avg="16" range="3" scaleTo="biome" />
                        <Setting name="Height" avg="25" range="5" scaleTo="biome" />
                    </StandardGen>
                    <StandardGen name="Sparse Gold 2" inherits="SparseStone">
                        <OreBlock block="beyondreality:sparsegold" />
                        <Setting name="Frequency" avg="14" range="3" scaleTo="biome" />
                        <Setting name="Height" avg="20" range="10" scaleTo="biome" />
                    </StandardGen>
                    <StandardGen name="Sparse Gold 3" inherits="SparseStone">
                        <OreBlock block="beyondreality:sparsegold" />
                        <Setting name="Frequency" avg="15" range="3" scaleTo="biome" />
                        <Setting name="Height" avg="30" range="5" scaleTo="biome" />
                    </StandardGen>
                    <!-- ***************************************************** Diamond ********************************************************** -->
                    <Veins name="DiamondVeins" inherits="PresetPipeVeins">
                        <DrawWireframe>:=drawWireframes</DrawWireframe>
                        <WireframeColor>0x40336699</WireframeColor>
                        <OreBlock block="minecraft:diamond_ore" weight="0.85" />
                        <OreBlock block="denseores:minecraft_diamond_ore_0" weight="0.15" />
                        <Setting name="MotherlodeFrequency" avg="0.0045" />
                        <Setting name="MotherlodeHeight" avg="13" range="1" />
                        <Setting name="MotherlodeSize" avg="5" range="1" />
                        <Setting name="SegmentRadius" avg="1.2" range="0.5" />
                        <Setting name="OreDensity" avg="0.8" />
                    </Veins>
                    <!-- Increased Chances -->
                    <Veins name="DiamondPrefVeins" inherits="PresetPipeVeins">
                        <DrawWireframe>:=drawWireframes</DrawWireframe>
                        <WireframeColor>0x40336699</WireframeColor>
                        <OreBlock block="minecraft:diamond_ore" weight="0.70" />
                        <OreBlock block="denseores:minecraft_diamond_ore_0" weight="0.30" />
                        <Setting name="MotherlodeFrequency" avg="0.0086" />
                        <Setting name="MotherlodeHeight" avg="13" range="1" />
                        <Setting name="MotherlodeSize" avg="6" range="1" />
                        <Setting name="SegmentRadius" avg="1.6" range="0.5" />
                        <Setting name="OreDensity" avg="1.0" />
                        <!-- Increased chances to spawn in -->
                        <BiomeSet inherits="DiamondBiomes" />
                    </Veins>
                    <!-- Sparse ores -->
                    <StandardGen name="Sparse Diamond 1" inherits="SparseStone">
                        <OreBlock block="beyondreality:sparsediamond" />
                        <Setting name="Frequency" avg="12" range="3" />
                        <Setting name="Height" avg="12" range="4" scaleTo="biome" />
                    </StandardGen>
                    <StandardGen name="Sparse Diamond 2" inherits="SparseStone">
                        <OreBlock block="beyondreality:sparsediamond" />
                        <Setting name="Frequency" avg="14" range="3" />
                        <Setting name="Height" avg="10" range="5" scaleTo="biome" />
                    </StandardGen>
                    <!-- ***************************************************** Coal ********************************************************** -->
                    <Veins name="CoalVeins" inherits="PresetSparseVeins">
                        <DrawWireframe>:=drawWireframes</DrawWireframe>
                        <WireframeColor>0x40336699</WireframeColor>
                        <OreBlock block="minecraft:coal_ore" weight="0.90" />
                        <OreBlock block="denseores:minecraft_coal_ore_0" weight="0.10" />
                        <Setting name="MotherlodeFrequency" avg="0.0065" />
                        <Setting name="MotherlodeSize" avg="2.3" range="0.5" />
                        <Setting name="MotherlodeHeight" avg="40" range="40" scaleTo="biome" />
                        <Setting name="OreDensity" avg="0.6" />
                    </Veins>
                    <StandardGen name="CoalStandard" inherits="PresetStandardGen">
                        <OreBlock block="minecraft:coal_ore" weight="0.70" />
                        <OreBlock block="denseores:minecraft_coal_ore_0" weight="0.30" />
                        <Setting name="Size" avg="8" range="2" />
                        <Setting name="Frequency" avg="16" />
                        <Setting name="Height" avg="45" range="40" scaleTo="biome" />
                    </StandardGen>
                    <!-- Sparse ores -->
                    <StandardGen name="Sparse Coal 1" inherits="SparseStone">
                        <OreBlock block="beyondreality:sparsecoal" />
                        <Setting name="Frequency" avg="45" range="3" />
                        <Setting name="Height" avg="40" range="40" scaleTo="biome" />
                    </StandardGen>
                    <StandardGen name="Sparse Coal 2" inherits="SparseStone">
                        <OreBlock block="beyondreality:sparsecoal" />
                        <Setting name="Frequency" avg="40" range="3" />
                        <Setting name="Height" avg="30" range="30" scaleTo="biome" />
                    </StandardGen>
                    <!-- ***************************************************** Redstone/Ruby ********************************************************** -->
                    <Veins name="RedstoneRubyVeins" inherits="PresetLayeredVeins">
                        <DrawWireframe>:=drawWireframes</DrawWireframe>
                        <WireframeColor>0x40336699</WireframeColor>
                        <OreBlock block="minecraft:redstone_ore" weight="0.65" />
                        <OreBlock block="beyondreality:oreruby" weight="0.25" />
                        <OreBlock block="beyondreality:sparseredstone" weight="0.07" />
                        <OreBlock block="beyondreality:sparseruby" weight="0.03" />
                        <Setting name="MotherlodeFrequency" avg="0.015" />
                        <Setting name="MotherlodeSize" avg="2.5" range="1" />
                        <Setting name="MotherlodeHeight" avg="17" range="3" type="normal" />
                        <Setting name="SegmentRadius" avg="0.8" range="0.3" />
                        <Setting name="OreDensity" avg="1" range="0" />
                        <Setting name="OreRadiusMult" avg="1.0" range="0.1" />
                    </Veins>
                    <Veins name="RedstoneRubyPrefVeins" inherits="PresetLayeredVeins">
                        <DrawWireframe>:=drawWireframes</DrawWireframe>
                        <WireframeColor>0x40336699</WireframeColor>
                        <OreBlock block="minecraft:redstone_ore" weight="0.57" />
                        <OreBlock block="beyondreality:oreruby" weight="0.33" />
                        <OreBlock block="beyondreality:sparseredstone" weight="0.07" />
                        <OreBlock block="beyondreality:sparseruby" weight="0.03" />
                        <Setting name="MotherlodeFrequency" avg="0.029" />
                        <Setting name="MotherlodeSize" avg="2.5" range="1" />
                        <Setting name="MotherlodeHeight" avg="17" range="3" type="normal" />
                        <Setting name="SegmentRadius" avg="0.8" range="0.3" />
                        <Setting name="OreDensity" avg="1" range="0" />
                        <Setting name="OreRadiusMult" avg="1.0" range="0.1" />
                        <!-- Increased chances to spawn in -->
                        <BiomeSet inherits="RedstoneRubyBiomes" />
                    </Veins>
                    <!-- Sparse ores -->
                    <StandardGen name="Sparse redstone 1" inherits="SparseStone">
                        <OreBlock block="beyondreality:sparseredstone" />
                        <Setting name="Frequency" avg="25" range="3" />
                        <Setting name="Height" avg="17" range="4" scaleTo="biome" />
                    </StandardGen>
                    <StandardGen name="Sparse redstone 2" inherits="SparseStone">
                        <OreBlock block="beyondreality:sparseredstone" />
                        <Setting name="Frequency" avg="20" range="3" />
                        <Setting name="Height" avg="14" range="8" scaleTo="biome" />
                    </StandardGen>
                    <StandardGen name="Sparse redstone 3" inherits="SparseStone">
                        <OreBlock block="beyondreality:sparseredstone" />
                        <Setting name="Frequency" avg="22" range="3" />
                        <Setting name="Height" avg="16" range="2" scaleTo="biome" />
                    </StandardGen>
                    <StandardGen name="Sparse Ruby 1" inherits="SparseStone">
                        <OreBlock block="beyondreality:sparseruby" />
                        <Setting name="Frequency" avg="18" range="3" />
                        <Setting name="Height" avg="20" range="20" scaleTo="biome" />
                    </StandardGen>
                    <StandardGen name="Sparse Ruby 2" inherits="SparseStone">
                        <OreBlock block="beyondreality:sparseruby" />
                        <Setting name="Frequency" avg="15" range="3" />
                        <Setting name="Height" avg="17" range="5" scaleTo="biome" />
                    </StandardGen>
                    <!-- ***************************************************** Lapis ********************************************************** -->
                    <Veins name="LapisPrefVeins" inherits="PresetVerticalVeins">
                        <DrawWireframe>:=drawWireframes</DrawWireframe>
                        <WireframeColor>0x40336699</WireframeColor>
                        <OreBlock block="minecraft:lapis_ore" weight="0.90" />
                        <OreBlock block="beyondreality:sparselapis" weight="0.10" />
                        <Setting name="MotherlodeFrequency" avg="0.0045" />
                        <Setting name="MotherlodeSize" avg="0.1" range="0" />
                        <Setting name="SegmentRadius" avg="0.40" range="0.1" />
                        <Setting name="OreDensity" avg="1" range="0" />
                        <Setting name="OreRadiusMult" avg="1.0" range="0.1" />
                    </Veins>
                    <Veins name="LapisPrefVeins" inherits="PresetVerticalVeins">
                        <DrawWireframe>:=drawWireframes</DrawWireframe>
                        <WireframeColor>0x40336699</WireframeColor>
                        <OreBlock block="minecraft:lapis_ore" weight="0.95" />
                        <OreBlock block="beyondreality:sparselapis" weight="0.05" />
                        <Setting name="MotherlodeFrequency" avg="0.0096" />
                        <Setting name="MotherlodeSize" avg="0.3" range="0" />
                        <Setting name="SegmentRadius" avg="0.50" range="0.1" />
                        <Setting name="OreDensity" avg="1" range="0" />
                        <Setting name="OreRadiusMult" avg="1.0" range="0.1" />
                        <!-- Increased chances to spawn in -->
                        <BiomeSet inherits="LapisBiomes" />
                    </Veins>
                    <!-- Sparse ores -->
                    <StandardGen name="Sparse lapis 1" inherits="SparseStone">
                        <OreBlock block="beyondreality:sparselapis" />
                        <Setting name="Frequency" avg="25" range="3" />
                        <Setting name="Height" avg="27" range="20" scaleTo="biome" />
                    </StandardGen>
                    <StandardGen name="Sparse lapis 2" inherits="SparseStone">
                        <OreBlock block="beyondreality:sparselapis" />
                        <Setting name="Frequency" avg="20" range="3" />
                        <Setting name="Height" avg="33" range="15" scaleTo="biome" />
                    </StandardGen>
                    <StandardGen name="Sparse lapis 3" inherits="SparseStone">
                        <OreBlock block="beyondreality:sparselapis" />
                        <Setting name="Frequency" avg="22" range="3" />
                        <Setting name="Height" avg="30" range="10" scaleTo="biome" />
                    </StandardGen>
                    <!-- ***************************************************** Emerald ********************************************************** -->
                    <Veins name="EmeraldVeins" inherits="PresetPipeVeins">
                        <DrawWireframe>:=drawWireframes</DrawWireframe>
                        <WireframeColor>0x40336699</WireframeColor>
                        <OreBlock block="minecraft:emerald_ore" weight="0.95" />
                        <OreBlock block="beyondreality:sparseemerald" weight="0.05" />
                        <Setting name="MotherlodeFrequency" avg="0.0045" />
                        <Setting name="MotherlodeSize" avg="1.7" range="0.5" />
                        <Setting name="MotherlodeHeight" avg="50" range="40" scaleto="biome" />
                        <Setting name="SegmentRadius" avg="1.9" range="0.2" />
                        <Setting name="OreDensity" avg="0.05" range="0.2" />
                        <Setting name="OreRadiusMult" avg="1.0" range="0.1" />
                    </Veins>
                    <Veins name="EmeraldVeins" inherits="PresetPipeVeins">
                        <DrawWireframe>:=drawWireframes</DrawWireframe>
                        <WireframeColor>0x40336699</WireframeColor>
                        <OreBlock block="minecraft:emerald_ore" weight="0.95" />
                        <OreBlock block="beyondreality:sparseemerald" weight="0.05" />
                        <Setting name="MotherlodeFrequency" avg="0.0078" />
                        <Setting name="MotherlodeSize" avg="1.7" range="0.5" />
                        <Setting name="MotherlodeHeight" avg="50" range="40" scaleto="biome" />
                        <Setting name="SegmentRadius" avg="1.9" range="0.2" />
                        <Setting name="OreDensity" avg="0.05" range="0.2" />
                        <Setting name="OreRadiusMult" avg="1.0" range="0.1" />
                        <!-- Increased chances to spawn in -->
                        <BiomeSet inherits="EmeraldBiomes" />
                    </Veins>
                    <!-- Sparse ores -->
                    <StandardGen name="Sparse emerald 1" inherits="SparseStone">
                        <OreBlock block="beyondreality:sparseemerald" />
                        <Setting name="Frequency" avg="14" range="3" />
                        <Setting name="Height" avg="50" range="40" scaleTo="biome" />
                    </StandardGen>
                    <StandardGen name="Sparse emerald 2" inherits="SparseStone">
                        <OreBlock block="beyondreality:sparseemerald" />
                        <Setting name="Frequency" avg="16" range="3" />
                        <Setting name="Height" avg="60" range="50" scaleTo="biome" />
                    </StandardGen>
                    <StandardGen name="Sparse emerald 2" inherits="SparseStone">
                        <OreBlock block="beyondreality:sparseemerald" />
                        <Setting name="Frequency" avg="36" range="3" />
                        <Setting name="Height" avg="60" range="50" scaleTo="biome" />
                        <BiomeSet inherits="EmeraldBiomes" />
                    </StandardGen>
                    <!-- ***************************************************** Name that ore ********************************************************** -->
                </IfCondition>
            </ConfigSection>
        </IfCondition>
    </ConfigSection>
</IfModInstalled>
