
{
  "ID": 4,
  "Name": "Forest",
  "Class": "net.minecraft.world.biome.BiomeForest",
  "Root Height": 0.1,
  "Height Variation": 0.2,
  "Top Block": "minecraft:grass",
  "Filler Block": "minecraft:dirt",
  "Grass Color": "Not set. Check in-game.",
  "Foliage Color": "Not set. Check in-game.",
  "Water Color": "16777215",
  "Temperature": 0.7,
  "Humidity": 0.8,
  "Water Tint": 16777215,
  "Enable Rain": true,
  "Enable Snow": false,
  "Dictionary Types": [
    "FOREST"
  ],
  "BiomeManager Entries": {
    "WARM Weights": [
      10,
      10
    ],
    "COOL Weights": [
      10
    ]
  },
  "Spawnable Creatures": [
    {
      "Entity Class": "net.minecraft.entity.passive.EntitySheep",
      "Weight": 12,
      "Min Group Count": 4,
      "Max Group Count": 4
    },
    {
      "Entity Class": "net.minecraft.entity.passive.EntityPig",
      "Weight": 10,
      "Min Group Count": 4,
      "Max Group Count": 4
    },
    {
      "Entity Class": "net.minecraft.entity.passive.EntityChicken",
      "Weight": 10,
      "Min Group Count": 4,
      "Max Group Count": 4
    },
    {
      "Entity Class": "net.minecraft.entity.passive.EntityCow",
      "Weight": 8,
      "Min Group Count": 4,
      "Max Group Count": 4
    },
    {
      "Entity Class": "net.minecraft.entity.passive.EntityWolf",
      "Weight": 5,
      "Min Group Count": 4,
      "Max Group Count": 4
    },
    {
      "Entity Class": "teamroots.roots.entity.EntityDeer",
      "Weight": 10,
      "Min Group Count": 3,
      "Max Group Count": 7
    },
    {
      "Entity Class": "teamroots.roots.entity.EntitySprout",
      "Weight": 6,
      "Min Group Count": 3,
      "Max Group Count": 7
    },
    {
      "Entity Class": "com.animania.entities.cows.EntityCowHolstein",
      "Weight": 12,
      "Min Group Count": 1,
      "Max Group Count": 2
    },
    {
      "Entity Class": "com.animania.entities.chickens.EntityHenWyandotte",
      "Weight": 16,
      "Min Group Count": 1,
      "Max Group Count": 1
    },
    {
      "Entity Class": "com.animania.entities.chickens.EntityHenRhodeIslandRed",
      "Weight": 16,
      "Min Group Count": 1,
      "Max Group Count": 1
    },
    {
      "Entity Class": "com.animania.entities.pigs.EntitySowOldSpot",
      "Weight": 12,
      "Min Group Count": 1,
      "Max Group Count": 1
    },
    {
      "Entity Class": "com.animania.entities.rodents.EntityHedgehog",
      "Weight": 10,
      "Min Group Count": 1,
      "Max Group Count": 2
    }
  ],
  "Spawnable Monsters": [
    {
      "Entity Class": "net.minecraft.entity.monster.EntitySpider",
      "Weight": 100,
      "Min Group Count": 4,
      "Max Group Count": 4
    },
    {
      "Entity Class": "net.minecraft.entity.monster.EntityZombie",
      "Weight": 95,
      "Min Group Count": 4,
      "Max Group Count": 4
    },
    {
      "Entity Class": "net.minecraft.entity.monster.EntityZombieVillager",
      "Weight": 5,
      "Min Group Count": 1,
      "Max Group Count": 1
    },
    {
      "Entity Class": "net.minecraft.entity.monster.EntitySkeleton",
      "Weight": 100,
      "Min Group Count": 4,
      "Max Group Count": 4
    },
    {
      "Entity Class": "net.minecraft.entity.monster.EntityCreeper",
      "Weight": 100,
      "Min Group Count": 4,
      "Max Group Count": 4
    },
    {
      "Entity Class": "net.minecraft.entity.monster.EntitySlime",
      "Weight": 100,
      "Min Group Count": 4,
      "Max Group Count": 4
    },
    {
      "Entity Class": "net.minecraft.entity.monster.EntityEnderman",
      "Weight": 10,
      "Min Group Count": 1,
      "Max Group Count": 4
    },
    {
      "Entity Class": "net.minecraft.entity.monster.EntityWitch",
      "Weight": 5,
      "Min Group Count": 1,
      "Max Group Count": 1
    },
    {
      "Entity Class": "teamroots.embers.entity.EntityAncientGolem",
      "Weight": 15,
      "Min Group Count": 1,
      "Max Group Count": 1
    },
    {
      "Entity Class": "vazkii.quark.world.entity.EntityDweller",
      "Weight": 10,
      "Min Group Count": 1,
      "Max Group Count": 2
    },
    {
      "Entity Class": "vazkii.quark.world.entity.EntityAshen",
      "Weight": 10,
      "Min Group Count": 1,
      "Max Group Count": 2
    }
  ],
  "Spawnable Water Creatures": [
    {
      "Entity Class": "net.minecraft.entity.passive.EntitySquid",
      "Weight": 10,
      "Min Group Count": 4,
      "Max Group Count": 4
    }
  ],
  "Spawnable Cave Creatures": [
    {
      "Entity Class": "net.minecraft.entity.passive.EntityBat",
      "Weight": 10,
      "Min Group Count": 8,
      "Max Group Count": 8
    }
  ],
  "Spawn Biome": true,
  "Tweaked": true,
  "BOP Generators": {
    "FLOWERS Generators": [
      {
        "ID": "flora",
        "Name": "glowshrooms"
      },
      {
        "ID": "flora",
        "Name": "leaf_piles"
      },
      {
        "ID": "flora",
        "Name": "cattail"
      },
      {
        "ID": "weighted",
        "Name": "flowers"
      },
      {
        "ID": "flora",
        "Name": "miners_delight"
      },
      {
        "ID": "flora",
        "Name": "dead_leaf_piles"
      },
      {
        "ID": "flora",
        "Name": "clover_patches"
      },
      {
        "ID": "flora",
        "Name": "shrubs"
      },
      {
        "ID": "columns",
        "Name": "stone_formations"
      },
      {
        "ID": "flora",
        "Name": "roots"
      },
      {
        "ID": "flora",
        "Name": "poison_ivy"
      },
      {
        "ID": "double_flora",
        "Name": "flax"
      },
      {
        "ID": "flora",
        "Name": "berry_bushes"
      },
      {
        "ID": "double_flora",
        "Name": "double_cattail"
      },
      {
        "ID": "flora",
        "Name": "sprouts"
      }
    ],
    "GRASS Generators": [
      {
        "ID": "weighted",
        "Name": "grass"
      }
    ],
    "SAND Generators": [
      {
        "ID": "ore_single",
        "Name": "amber"
      }
    ],
    "SHROOM Generators": [
      {
        "ID": "flora",
        "Name": "toadstools"
      },
      {
        "ID": "flora",
        "Name": "blue_milk_caps"
      }
    ],
    "TREE Generators": [
      {
        "ID": "weighted",
        "Name": "trees"
      }
    ]
  },
  "BOP Owner": "OTHER",
  "BOP Weight Map": {}
}