
{
  "ID": 127,
  "Name": "The Void",
  "Class": "net.minecraft.world.biome.BiomeVoid",
  "Root Height": 0.1,
  "Height Variation": 0.2,
  "Top Block": "minecraft:grass",
  "Filler Block": "minecraft:dirt",
  "Grass Color": "Not set. Check in-game.",
  "Foliage Color": "Not set. Check in-game.",
  "Water Color": "16777215",
  "Temperature": 0.5,
  "Humidity": 0.5,
  "Water Tint": 16777215,
  "Enable Rain": false,
  "Enable Snow": false,
  "Dictionary Types": [
    "VOID"
  ],
  "BiomeManager Entries": {},
  "Spawnable Creatures": [],
  "Spawnable Monsters": [],
  "Spawnable Water Creatures": [],
  "Spawnable Cave Creatures": [],
  "Spawn Biome": true,
  "Tweaked": true,
  "BOP Generators": {
    "FLOWERS Generators": [
      {
        "ID": "flora",
        "Name": "glowshrooms"
      },
      {
        "ID": "flora",
        "Name": "miners_delight"
      },
      {
        "ID": "columns",
        "Name": "stone_formations"
      },
      {
        "ID": "flora",
        "Name": "roots"
      }
    ]
  },
  "BOP Owner": "OTHER",
  "BOP Weight Map": {}
}