{
    "images":
    {
        "title":
        {
            "image" : "menu:textures/logo.png",
            "posX" : -227,
            "posY" : 60,
            "width" : 454,
            "height" : 68,
            "alignment" : "top_center"
        },
        "black":
        {
            "image" : "menu:textures/bar.png",
            "posX" : -176,
            "posY" : -131,
            "width" : 200,
            "height" : 136,
            "alignment" : "bottom_right"
        },
        "black1":
        {
            "image" : "menu:textures/paper-dialog.png",
            "posX" : 2,
            "posY" : 192,
            "width" : 155,
            "height" : 132,
            "imageWidth" : 256,
            "imageHeight" : 60,
            "alignment" : "center_left"
        }
    },

    "buttons":
    {
        "singleplayer":
        {
            "text" : "menu.singleplayer",
            "normalTextColor" : 0,
            "hoverTextColor": 16711680,
            "shadow" : false,
            "texture" : "menu:textures/spnormal.png",
            "posX" : 5,
            "posY" : 195,
            "width" : 150,
            "height" : 25,
            "imageWidth" : 256,
            "imageHeight" : 60,
            "alignment" : "center_left",
            "action" :
            {
                "type" : "openGui",
                "gui" : "singleplayer"
            }
        },

        "multiplayer":
        {
            "text" : "menu.multiplayer",
            "normalTextColor": 0,
            "hoverTextColor": 16711680,
            "shadow" : false,
            "texture" : "menu:textures/spnormal.png",
            "posX" : 5,
            "posY" : 220,
            "width" : 150,
            "height" : 25,
            "imageWidth" : 256,
            "imageHeight" : 60,
            "alignment" : "center_left",
            "action" :
            {
                "type" : "openGui",
                "gui" : "multiplayer"
            }
        },

        "mods":
        {
            "text" : "fml.menu.mods",
            "normalTextColor" : 0,
            "hoverTextColor": 16711680,
            "shadow" : false,
            "texture" : "menu:textures/spnormal.png",
            "posX" : 5,
            "posY" : 245,
            "width" : 150,
            "height" : 25,
            "imageWidth" : 256,
            "imageHeight" : 60,
            "alignment" : "center_left",
            "action" :
            {
                "type" : "openGui",
                "gui" : "mods"
            }
        },

        "language":
        {
            "text" : "",
            "posX" : -23,
            "posY" : -100,
            "width" : 20,
            "height" : 20,
            "alignment" : "bottom_right",
            "action" :
            {
                "type" : "openGui",
                "gui" : "languages"
            }
        },

        "options":
        {
            "text" : "menu.options",
            "normalTextColor" : 0,
            "hoverTextColor": 16711680,
            "shadow" : false,
            "texture" : "menu:textures/spnormal.png",
            "posX" : 6,
            "posY" : 270,
            "width" : 150,
            "height" : 25,
            "imageWidth" : 256,
            "imageHeight" : 60,
            "alignment" : "center_left",
            "action" :
            {
                "type" : "openGui",
                "gui" : "options"
            }
        },

        "quit":
        {
            "text" : "menu.quit",
            "normalTextColor" : 0,
            "hoverTextColor": 16711680,
            "shadow" : false,
            "texture" : "menu:textures/spnormal.png",
            "posX" : 6,
            "posY" : 295,
            "width" : 150,
            "height" : 25,
            "imageWidth" : 256,
            "imageHeight" : 60,
            "alignment" : "center_left",
            "action" :
            {
                "type" : "quit"
            }
        },

        "discord":
        {
            "text" : ".",
            "shadow" : false,
            "texture" : "menu:textures/discord3.png",
            "posX" : -175,
            "posY" : -102,
            "width" : 150,
            "height" : 26,
            "imageWidth" : 256,
            "imageHeight" : 60,
            "alignment" : "bottom_right",
            "action" :
            {
              "type" : "openLink",
              "link" : "http://discord.beyondrealitygaming.com/"
            }
        },

        "github":
        {
            "text" : ".",
            "shadow" : false,
            "texture" : "menu:textures/github4.png",
            "posX" : -175,
            "posY" : -75,
            "width" : 150,
            "height" : 25,
            "imageWidth" : 256,
            "imageHeight" : 60,
            "alignment" : "bottom_right",
            "action" :
            {
              "type" : "openLink",
              "link" : "https://github.com/Beyond-Reality/Beyond-Realty-Farscapes/issues"
            }
        },

        "website":
        {
            "text" : ".",
            "normalTextColor" : 0,
            "hoverTextColor": 16711680,
            "shadow" : false,
            "texture" : "menu:textures/website.png",
            "posX" : -175,
            "posY" : -130,
            "width" : 150,
            "height" : 26,
            "imageWidth" : 256,
            "imageHeight" : 60,
            "alignment" : "bottom_right",
            "action" :
            {
              "type" : "openLink",
              "link" : "https://beyondrealitygaming.com"
            }
        },

        "refresh":
        {
            "text" : ".",
            "posX" : -23,
            "posY" : -128,
            "width" : 20,
            "height" : 20,
            "alignment" : "bottom_right",
            "texture" : "custommainmenu:textures/gui/buttons.png",
            "action" :
            {
                "type" : "refresh"
            }
        }
    },

    "labels":
    {
        "mojang":
        {
            "text" : "© Mojang AB. Do not distribute!",
            "posX" : -175,
            "posY" : -10,
            "color" : -1,
            "alignment" : "bottom_right"
        },
        "BR":
        {
            "text" : "1.0.0-r1",
            "posX" : 10,
            "posY" : -20,
            "color" : -1,
            "alignment" : "bottom_left"
        },
        "fml":
        {
            "text" : "",
            "posX" : -175,
            "posY" : -50,
            "color" : -1,
            "alignment" : "bottom_right"
        }
    },

    "other":
    {
        "splash-text":
        {
            "posX" : 250,
            "posY" : 120,
            "color" : 16777215,
            "shadow" : false,
            "alignment" : "top_center"
        },

        "background":
        {
            "image" : "",
            "slideshow":
            {
                "images" : ["menu:textures/background0.png","menu:textures/background1.png","menu:textures/background2.png","menu:textures/background3.png"],
                "displayDuration" : 100,
                "fadeDuration" : 40
            }
        }
    }
}
