
{
  "ID": 129,
  "Name": "Sunflower Plains",
  "Class": "net.minecraft.world.biome.BiomePlains",
  "Root Height": 0.125,
  "Height Variation": 0.05,
  "Top Block": "minecraft:grass",
  "Filler Block": "minecraft:dirt",
  "Grass Color": "Not set. Check in-game.",
  "Foliage Color": "Not set. Check in-game.",
  "Water Color": "16777215",
  "Temperature": 0.8,
  "Humidity": 0.4,
  "Water Tint": 16777215,
  "Enable Rain": true,
  "Enable Snow": false,
  "Dictionary Types": [
    "RARE",
    "PLAINS"
  ],
  "BiomeManager Entries": {},
  "Spawnable Creatures": [
    {
      "Entity Class": "net.minecraft.entity.passive.EntitySheep",
      "Weight": 12,
      "Min Group Count": 4,
      "Max Group Count": 4
    },
    {
      "Entity Class": "net.minecraft.entity.passive.EntityPig",
      "Weight": 10,
      "Min Group Count": 4,
      "Max Group Count": 4
    },
    {
      "Entity Class": "net.minecraft.entity.passive.EntityChicken",
      "Weight": 10,
      "Min Group Count": 4,
      "Max Group Count": 4
    },
    {
      "Entity Class": "net.minecraft.entity.passive.EntityCow",
      "Weight": 8,
      "Min Group Count": 4,
      "Max Group Count": 4
    },
    {
      "Entity Class": "net.minecraft.entity.passive.EntityHorse",
      "Weight": 5,
      "Min Group Count": 2,
      "Max Group Count": 6
    },
    {
      "Entity Class": "net.minecraft.entity.passive.EntityDonkey",
      "Weight": 1,
      "Min Group Count": 1,
      "Max Group Count": 3
    }
  ],
  "Spawnable Monsters": [
    {
      "Entity Class": "net.minecraft.entity.monster.EntitySpider",
      "Weight": 100,
      "Min Group Count": 4,
      "Max Group Count": 4
    },
    {
      "Entity Class": "net.minecraft.entity.monster.EntityZombie",
      "Weight": 95,
      "Min Group Count": 4,
      "Max Group Count": 4
    },
    {
      "Entity Class": "net.minecraft.entity.monster.EntityZombieVillager",
      "Weight": 5,
      "Min Group Count": 1,
      "Max Group Count": 1
    },
    {
      "Entity Class": "net.minecraft.entity.monster.EntitySkeleton",
      "Weight": 100,
      "Min Group Count": 4,
      "Max Group Count": 4
    },
    {
      "Entity Class": "net.minecraft.entity.monster.EntityCreeper",
      "Weight": 100,
      "Min Group Count": 4,
      "Max Group Count": 4
    },
    {
      "Entity Class": "net.minecraft.entity.monster.EntitySlime",
      "Weight": 100,
      "Min Group Count": 4,
      "Max Group Count": 4
    },
    {
      "Entity Class": "net.minecraft.entity.monster.EntityEnderman",
      "Weight": 10,
      "Min Group Count": 1,
      "Max Group Count": 4
    },
    {
      "Entity Class": "net.minecraft.entity.monster.EntityWitch",
      "Weight": 5,
      "Min Group Count": 1,
      "Max Group Count": 1
    },
    {
      "Entity Class": "vazkii.quark.world.entity.EntityDweller",
      "Weight": 10,
      "Min Group Count": 1,
      "Max Group Count": 2
    },
    {
      "Entity Class": "vazkii.quark.world.entity.EntityAshen",
      "Weight": 10,
      "Min Group Count": 1,
      "Max Group Count": 2
    }
  ],
  "Spawnable Water Creatures": [
    {
      "Entity Class": "net.minecraft.entity.passive.EntitySquid",
      "Weight": 10,
      "Min Group Count": 4,
      "Max Group Count": 4
    }
  ],
  "Spawnable Cave Creatures": [
    {
      "Entity Class": "net.minecraft.entity.passive.EntityBat",
      "Weight": 10,
      "Min Group Count": 8,
      "Max Group Count": 8
    }
  ],
  "Spawn Biome": false,
  "Tweaked": false
}