{
  "forge_marker": 1,
  "defaults": {
    "textures": {
      "particle": "blocks/bedrock"
    },
    "model": "beyondreality:pedestal",
    "uvlock": true
  },
  "variants": {
    "normal": [
      {
        "model": "beyondreality:pedestal"
      }
    ],
    "inventory": [
      {
        "model": "beyondreality:pedestal",
        "transform": "forge:default-block"
      }
    ],
    "type": {
      "0": {
        "model": "beyondreality:pedestal"
      },
      "1": {
        "model": "beyondreality:pedestal"
      },
      "2": {
        "model": "beyondreality:pedestal"
      },
      "3": {
        "model": "beyondreality:pedestal"
      },
      "4": {
        "model": "beyondreality:pedestal"
      },
      "5": {
        "model": "beyondreality:pedestal"
      },
      "6": {
        "model": "beyondreality:pedestal"
      },
      "7": {
        "model": "beyondreality:pedestal"
      },
      "8": {
        "model": "beyondreality:pedestal"
      },
      "9": {
        "model": "beyondreality:pedestal"
      },
      "10": {
        "model": "beyondreality:pedestal"
      },
      "11": {
        "model": "beyondreality:pedestal"
      },
      "12": {
        "model": "beyondreality:pedestal"
      },
      "13": {
        "model": "beyondreality:pedestal"
      },
      "14": {
        "model": "beyondreality:pedestal"
      },
      "15": {
        "model": "beyondreality:pedestal"
      }
    }
  }
}
