{
  "forge_marker": 1,
  "defaults": {
    "textures": {
      "particle": "blocks/bedrock",
      "all": "blocks/stone"
    },
    "model": "beyondreality:block",
    "uvlock": true
  },
  "variants": {
    "normal": [
      {
        "model": "beyondreality:block"
      }
    ],
    "inventory": [
      {
        "model": "beyondreality:block",
        "transform": "forge:default-block"
      }
    ],
    "type": {
      "0": {
        "textures": {
          "particle": "blocks/bedrock",
          "all": "beyondreality:blocks/buildingblocks"
        },
        "model": "beyondreality:block"
      },
      "1": {
        "textures": {
          "particle": "blocks/bedrock",
          "all": "beyondreality:blocks/buildingblocks1"
        },
        "model": "beyondreality:block"
      },
      "2": {
        "textures": {
          "particle": "blocks/bedrock",
          "all": "beyondreality:blocks/buildingblocks2"
        },
        "model": "beyondreality:block"
      },
      "3": {
        "textures": {
          "particle": "blocks/bedrock",
          "all": "beyondreality:blocks/buildingblocks3"
        },
        "model": "beyondreality:block"
      },
      "4": {
        "textures": {
          "particle": "blocks/bedrock",
          "all": "beyondreality:blocks/buildingblocks4"
        },
        "model": "beyondreality:block"
      },
      "5": {
        "textures": {
          "particle": "blocks/bedrock",
          "all": "beyondreality:blocks/buildingblocks5"
        },
        "model": "beyondreality:block"
      },
      "6": {
        "textures": {
          "particle": "blocks/bedrock",
          "all": "beyondreality:blocks/buildingblocks6"
        },
        "model": "beyondreality:block"
      },
      "7": {
        "textures": {
          "particle": "blocks/bedrock",
          "all": "beyondreality:blocks/buildingblocks7"
        },
        "model": "beyondreality:block"
      },
      "8": {
        "textures": {
          "particle": "blocks/bedrock",
          "all": "beyondreality:blocks/buildingblocks8"
        },
        "model": "beyondreality:block"
      },
      "9": {
        "textures": {
          "particle": "blocks/bedrock",
          "all": "beyondreality:blocks/buildingblocks9"
        },
        "model": "beyondreality:block"
      },
      "10": {
        "textures": {
          "particle": "blocks/bedrock",
          "all": "beyondreality:blocks/buildingblocks10"
        },
        "model": "beyondreality:block"
      },
      "11": {
        "textures": {
          "particle": "blocks/bedrock",
          "all": "beyondreality:blocks/buildingblocks11"
        },
        "model": "beyondreality:block"
      },
      "12": {
        "textures": {
          "particle": "blocks/bedrock",
          "all": "beyondreality:blocks/buildingblocks12"
        },
        "model": "beyondreality:block"
      },
      "13": {
        "textures": {
          "particle": "blocks/bedrock",
          "all": "beyondreality:blocks/buildingblocks13"
        },
        "model": "beyondreality:block"
      },
      "14": {
        "textures": {
          "particle": "blocks/bedrock",
          "all": "beyondreality:blocks/buildingblocks14"
        },
        "model": "beyondreality:block"
      },
      "15": {
        "textures": {
          "particle": "blocks/bedrock",
          "all": "beyondreality:blocks/buildingblocks15"
        },
        "model": "beyondreality:block"
      }
    }
  }
}
