[{
    "name": "ruby",
    "type": "GEM", //METAL or GEM
    "color": "cc0000",
    "mining": 2,
    "ore": true,
    "sporadic": true,
    "sparse": true,
    "ingot": false,
    "nugget": false,
    "dust": false,
    "tinyDust": false
  },
  {
    "name": "tin",
    "type": "METAL",
    "color": "d6cdcd",
    "mining": 1,
    "ore": true,
    "sporadic": true,
    "sparse": true,
    "ingot": false,
    "nugget": false,
    "dust": false,
    "tinyDust": false
  },
  {
    "name": "copper",
    "type": "METAL",
    "color": "a35309",
    "mining": 1,
    "ore": true,
    "sporadic": true,
    "sparse": true,
    "ingot": false,
    "nugget": false,
    "dust": false,
    "tinyDust": false
  },
  {
    "name": "nickel",
    "type": "METAL",
    "color": "bfb463",
    "mining": 2,
    "ore": true,
    "sporadic": true,
    "sparse": true,
    "ingot": false,
    "nugget": false,
    "dust": false,
    "tinyDust": false
  },
  {
    "name": "platinum",
    "type": "METAL",
    "color": "44518c",
    "mining": 3,
    "ore": true,
    "sporadic": true,
    "sparse": true,
    "ingot": false,
    "nugget": false,
    "dust": false,
    "tinyDust": false
  },
  {
    "name": "lead",
    "type": "METAL",
    "color": "5d3275",
    "mining": 2,
    "ore": true,
    "sporadic": true,
    "sparse": true,
    "ingot": false,
    "nugget": false,
    "dust": false,
    "tinyDust": false
  },
  {
    "name": "sapphire",
    "type": "GEM",
    "color": "0066ff",
    "mining": 2,
    "ore": true,
    "sporadic": true,
    "sparse": true,
    "ingot": false,
    "nugget": false,
    "dust": false,
    "tinyDust": false
  },
  {
    "name": "peridot",
    "type": "GEM",
    "color": "00cc00",
    "mining": 2,
    "ore": true,
    "sporadic": true,
    "sparse": true,
    "ingot": false,
    "nugget": false,
    "dust": false,
    "tinyDust": false
  },
  {
    "name": "iridium",
    "type": "METAL",
    "color": "e8e8e8",
    "mining": 3,
    "ore": true,
    "sporadic": true,
    "sparse": true,
    "ingot": false,
    "nugget": false,
    "dust": false,
    "tinyDust": false
  },
  {
    "name": "silver",
    "type": "METAL",
    "color": "c1c1c1",
    "mining": 2,
    "ore": true,
    "sporadic": true,
    "sparse": true,
    "ingot": false,
    "nugget": false,
    "dust": false,
    "tinyDust": false
  },
  {
    "name": "coal",
    "type": "GEM",
    "color": "2d2d2d",
    "mining": 0,
    "ore": false,
    "sporadic": true,
    "sparse": true,
    "ingot": false,
    "nugget": false,
    "dust": false,
    "tinyDust": false
  },
  {
    "name": "diamond",
    "type": "GEM",
    "color": "00ccff",
    "mining": 2,
    "ore": false,
    "sporadic": true,
    "sparse": true,
    "ingot": false,
    "nugget": false,
    "dust": false,
    "tinyDust": false
  },
  {
    "name": "emerald",
    "type": "GEM",
    "color": "008400",
    "mining": 3,
    "ore": false,
    "sporadic": true,
    "sparse": true,
    "ingot": false,
    "nugget": false,
    "dust": false,
    "tinyDust": false
  },
  {
    "name": "gold",
    "type": "METAL",
    "color": "e0bc3a",
    "mining": 1,
    "ore": false,
    "sporadic": true,
    "sparse": true,
    "ingot": false,
    "nugget": false,
    "dust": false,
    "tinyDust": false
  },
  {
    "name": "iron",
    "type": "METAL",
    "color": "ffcea0",
    "mining": 1,
    "ore": false,
    "sporadic": true,
    "sparse": true,
    "ingot": false,
    "nugget": false,
    "dust": false,
    "tinyDust": false
  },
  {
    "name": "lapis",
    "type": "GEM",
    "color": "0033cc",
    "mining": 1,
    "ore": false,
    "sporadic": true,
    "sparse": true,
    "ingot": false,
    "nugget": false,
    "dust": false,
    "tinyDust": false
  },
  {
    "name": "redstone",
    "type": "METAL",
    "color": "ff0000",
    "mining": 2,
    "ore": false,
    "sporadic": true,
    "sparse": true,
    "ingot": false,
    "nugget": false,
    "dust": false,
    "tinyDust": false
  },
  {
    "name": "thorium",
    "type": "METAL",
    "color": "001a00",
    "mining": 3,
    "ore": true,
    "sporadic": true,
    "sparse": true,
    "ingot": false,
    "nugget": false,
    "dust": false,
    "tinyDust": false
  },
  {
    "name": "uranium",
    "type": "METAL",
    "color": "006600",
    "mining": 2,
    "ore": true,
    "sporadic": true,
    "sparse": true,
    "ingot": false,
    "nugget": false,
    "dust": false,
    "tinyDust": false
  },
  {
    "name": "boron",
    "type": "METAL",
    "color": "686868",
    "mining": 3,
    "ore": true,
    "sporadic": true,
    "sparse": true,
    "ingot": false,
    "nugget": false,
    "dust": false,
    "tinyDust": false
  },
  {
    "name": "lithium",
    "type": "METAL",
    "color": "f7f6ed",
    "mining": 2,
    "ore": true,
    "sporadic": true,
    "sparse": true,
    "ingot": false,
    "nugget": false,
    "dust": false,
    "tinyDust": false
  },
  {
    "name": "magnesium",
    "type": "METAL",
    "color": "ddc9e0",
    "mining": 2,
    "ore": true,
    "sporadic": true,
    "sparse": true,
    "ingot": false,
    "nugget": false,
    "dust": false,
    "tinyDust": false
  },
  {
    "name": "bauxite",
    "type": "METAL",
    "color": "9b5645",
    "mining": 1,
    "oredict": ["oreAluminum", "oreAluminium"],
    "ore": true,
    "sporadic": true,
    "sparse": true,
    "ingot": false,
    "nugget": false,
    "dust": false,
    "tinyDust": false
  },
  {
    "name": "tungsten",
    "type": "METAL",
    "color": "000033",
    "mining": 3,
    "ore": true,
    "sporadic": true,
    "sparse": true,
    "ingot": false,
    "nugget": false,
    "dust": false,
    "tinyDust": false
  }
]
