{
  "tabs": [
    {
      "tabname": "Farscapes",
      "achievements": [
        {
          "uid": "actuallyadditions",
          "name": "actuallyadditions",
          "desc": "Unlock actually additions",
          "type": "MINE",
          "item": "minecraft:crafting_table",
          "statValue": 0,
          "ignoreMeta": false,
          "trophy": true,
          "xpos": 0,
          "ypos": 2
        },
        {
          "uid": "animania",
          "name": "animania",
          "desc": "Unlock animania",
          "type": "MINE",
          "item": "beyondreality:block",
          "statValue": 0,
          "ignoreMeta": false,
          "trophy": true,
          "xpos": 0,
          "ypos": 2
        },
        {
          "uid": "betterbuilderswands",
          "name": "better builders wands",
          "desc": "Unlock better builders wands",
          "type": "MINE",
          "item": "beyondreality:block",
          "statValue": 0,
          "ignoreMeta": false,
          "trophy": true,
          "xpos": 0,
          "ypos": 2
        },
        {
          "uid": "biomesoplenty",
          "name": "biomes o plenty",
          "desc": "Unlock biomes o plenty",
          "type": "MINE",
          "item": "beyondreality:block",
          "statValue": 0,
          "ignoreMeta": false,
          "trophy": true,
          "xpos": 0,
          "ypos": 2
        },
        {
          "uid": "botania",
          "name": "Botania",
          "desc": "Unlock botania early game",
          "type": "MINE",
          "item": "beyondreality:block",
          "statValue": 0,
          "ignoreMeta": false,
          "trophy": true,
          "xpos": 0,
          "ypos": 2
        },
        {
          "uid": "botania1",
          "name": "Botania Terra",
          "desc": "Unlock Botania Late game",
          "type": "MINE",
          "item": "beyondreality:block",
          "statValue": 0,
          "ignoreMeta": false,
          "trophy": true,
          "xpos": 0,
          "ypos": 2
        },
        {
          "uid": "botaniavisualizer",
          "name": "Botania Visualizer",
          "desc": "Unlock Botania visualizer",
          "type": "MINE",
          "item": "beyondreality:block",
          "statValue": 0,
          "ignoreMeta": false,
          "trophy": true,
          "xpos": 0,
          "ypos": 2
        },
        {
          "uid": "cfm",
          "name": "MR Clay Fish",
          "desc": "Unlock Mr Cray Fish",
          "type": "MINE",
          "item": "beyondreality:block",
          "statValue": 0,
          "ignoreMeta": false,
          "trophy": true,
          "xpos": 0,
          "ypos": 2
        },
        {
          "uid": "chisel",
          "name": "Chisel",
          "desc": "Unlock Chisel",
          "type": "MINE",
          "item": "beyondreality:block",
          "statValue": 0,
          "ignoreMeta": false,
          "trophy": true,
          "xpos": 0,
          "ypos": 2
        },
        {
          "uid": "chiselsandbits",
          "name": "chisels and bits",
          "desc": "Unlock Chisels And Bits",
          "type": "MINE",
          "item": "beyondreality:block",
          "statValue": 0,
          "ignoreMeta": false,
          "trophy": true,
          "xpos": 0,
          "ypos": 2
        },
        {
          "uid": "clipboard",
          "name": "clipboard",
          "desc": "Unlock clipboard",
          "type": "MINE",
          "item": "beyondreality:block",
          "statValue": 0,
          "ignoreMeta": false,
          "trophy": true,
          "xpos": 0,
          "ypos": 2
        },
        {
          "uid": "computronics",
          "name": "computronics",
          "desc": "Unlock computronics",
          "type": "MINE",
          "item": "beyondreality:block",
          "statValue": 0,
          "ignoreMeta": false,
          "trophy": true,
          "xpos": 0,
          "ypos": 2
        },
        {
          "uid": "crossroads",
          "name": "crossroads",
          "desc": "Unlock crossroads",
          "type": "MINE",
          "item": "beyondreality:block",
          "statValue": 0,
          "ignoreMeta": false,
          "trophy": true,
          "xpos": 0,
          "ypos": 2
        },
        {
          "uid": "embers",
          "name": "embers",
          "desc": "Unlock embers",
          "type": "MINE",
          "item": "beyondreality:block",
          "statValue": 0,
          "ignoreMeta": false,
          "trophy": true,
          "xpos": 0,
          "ypos": 2
        },
        {
          "uid": "extrabitmanipulation",
          "name": "extrabitmanipulation",
          "desc": "Unlock extrabitmanipulation",
          "type": "MINE",
          "item": "beyondreality:block",
          "statValue": 0,
          "ignoreMeta": false,
          "trophy": true,
          "xpos": 0,
          "ypos": 2
        },
        {
          "uid": "extrautils2",
          "name": "extrautils2",
          "desc": "Unlock extrautils2",
          "type": "MINE",
          "item": "beyondreality:block",
          "statValue": 0,
          "ignoreMeta": false,
          "trophy": true,
          "xpos": 0,
          "ypos": 2
        },
        {
          "uid": "extrautils21",
          "name": "extrautils2AR",
          "desc": "Unlock extrautils2 Angel Ring",
          "type": "MINE",
          "item": "beyondreality:block",
          "statValue": 0,
          "ignoreMeta": false,
          "trophy": true,
          "xpos": 0,
          "ypos": 2
        },
        {
          "uid": "flyringbaublemod",
          "name": "flyringbaublemod",
          "desc": "Unlock flyring baubles",
          "type": "MINE",
          "item": "beyondreality:block",
          "statValue": 0,
          "parent": "extrautils21",
          "ignoreMeta": false,
          "trophy": true,
          "xpos": 0,
          "ypos": 2
        },
        {
          "uid": "forgecraft",
          "name": "forgecraft",
          "desc": "Unlock forgecraft",
          "type": "MINE",
          "item": "beyondreality:block",
          "statValue": 0,
          "ignoreMeta": false,
          "trophy": true,
          "xpos": 0,
          "ypos": 2
        },
        {
          "uid": "gendustry",
          "name": "gendustry",
          "desc": "Unlock gendustry",
          "type": "MINE",
          "item": "beyondreality:block",
          "statValue": 0,
          "ignoreMeta": false,
          "trophy": true,
          "xpos": 0,
          "ypos": 2
        },
        {
          "uid": "harvestcraft",
          "name": "harvestcraft",
          "desc": "Unlock harvestcraft",
          "type": "MINE",
          "item": "beyondreality:block",
          "statValue": 0,
          "ignoreMeta": false,
          "trophy": true,
          "xpos": 0,
          "ypos": 2
        },
        {
          "uid": "ic2",
          "name": "ic2",
          "desc": "Unlock Industrail Craft 2",
          "type": "MINE",
          "item": "beyondreality:block",
          "statValue": 0,
          "ignoreMeta": false,
          "trophy": true,
          "xpos": 0,
          "ypos": 2
        },
        {
          "uid": "integrateddynamics",
          "name": "integrateddynamics",
          "desc": "Unlock integrateddynamics",
          "type": "MINE",
          "item": "beyondreality:block",
          "statValue": 0,
          "ignoreMeta": false,
          "trophy": true,
          "xpos": 0,
          "ypos": 2
        },
        {
          "uid": "integratedtunnels",
          "name": "integratedtunnels",
          "desc": "Unlock integratedtunnels",
          "type": "MINE",
          "item": "beyondreality:block",
          "statValue": 0,
          "ignoreMeta": false,
          "trophy": true,
          "xpos": 0,
          "ypos": 2
        },
        {
          "uid": "jp.crafterkina.pipes",
          "name": "Pipes",
          "desc": "Unlock Pipes",
          "type": "MINE",
          "item": "beyondreality:block",
          "statValue": 0,
          "ignoreMeta": false,
          "trophy": true,
          "xpos": 0,
          "ypos": 2
        },
        {
          "uid": "literalascension",
          "name": "Pipes",
          "desc": "Unlock Pipes",
          "type": "MINE",
          "item": "beyondreality:block",
          "statValue": 0,
          "ignoreMeta": false,
          "trophy": true,
          "xpos": 0,
          "ypos": 2
        },
        {
          "uid": "malisisdoors",
          "name": "malisisdoors",
          "desc": "Unlock malisisdoors",
          "type": "MINE",
          "item": "beyondreality:block",
          "statValue": 0,
          "ignoreMeta": false,
          "trophy": true,
          "xpos": 0,
          "ypos": 2
        },
        {
          "uid": "malisisswitches",
          "name": "malisisswitches",
          "desc": "Unlock malisisswitches",
          "type": "MINE",
          "item": "beyondreality:block",
          "statValue": 0,
          "ignoreMeta": false,
          "trophy": true,
          "xpos": 0,
          "ypos": 2
        },
        {
          "uid": "missing_pieces",
          "name": "missing_pieces",
          "desc": "Unlock missing_pieces",
          "type": "MINE",
          "item": "beyondreality:block",
          "statValue": 0,
          "ignoreMeta": false,
          "trophy": true,
          "xpos": 0,
          "ypos": 2
        },
        {
          "uid": "mnu",
          "name": "mnu",
          "desc": "Unlock mnu",
          "type": "MINE",
          "item": "beyondreality:block",
          "statValue": 0,
          "ignoreMeta": false,
          "trophy": true,
          "xpos": 0,
          "ypos": 2
        },
        {
          "uid": "modularrouters",
          "name": "modularrouters",
          "desc": "Unlock modularrouters",
          "type": "MINE",
          "item": "beyondreality:block",
          "statValue": 0,
          "ignoreMeta": false,
          "trophy": true,
          "xpos": 0,
          "ypos": 2
        },
        {
          "uid": "morphtool",
          "name": "morphtool",
          "desc": "Unlock morphtool",
          "type": "MINE",
          "item": "beyondreality:block",
          "statValue": 0,
          "ignoreMeta": false,
          "trophy": true,
          "xpos": 0,
          "ypos": 2
        },
        {
          "uid": "musiccraft",
          "name": "musiccraft",
          "desc": "Unlock musiccraft",
          "type": "MINE",
          "item": "beyondreality:block",
          "statValue": 0,
          "ignoreMeta": false,
          "trophy": true,
          "xpos": 0,
          "ypos": 2
        },
        {
          "uid": "notenoughwands",
          "name": "notenoughwands",
          "desc": "Unlock notenoughwands",
          "type": "MINE",
          "item": "beyondreality:block",
          "statValue": 0,
          "ignoreMeta": false,
          "trophy": true,
          "xpos": 0,
          "ypos": 2
        },
        {
          "uid": "nuclearcraft",
          "name": "nuclearcraft",
          "desc": "Unlock nuclearcraft",
          "type": "MINE",
          "item": "beyondreality:block",
          "statValue": 0,
          "ignoreMeta": false,
          "trophy": true,
          "xpos": 0,
          "ypos": 2
        },
        {
          "uid": "opencomputers",
          "name": "opencomputers",
          "desc": "Unlock opencomputers",
          "type": "MINE",
          "item": "beyondreality:block",
          "statValue": 0,
          "ignoreMeta": false,
          "trophy": true,
          "xpos": 0,
          "ypos": 2
        },
        {
          "uid": "oredowsing",
          "name": "oredowsing",
          "desc": "Unlock oredowsing",
          "type": "MINE",
          "item": "beyondreality:block",
          "statValue": 0,
          "ignoreMeta": false,
          "trophy": true,
          "xpos": 0,
          "ypos": 2
        },
        {
          "uid": "platforms",
          "name": "platforms",
          "desc": "Unlock platforms",
          "type": "MINE",
          "item": "beyondreality:block",
          "statValue": 0,
          "ignoreMeta": false,
          "trophy": true,
          "xpos": 0,
          "ypos": 2
        },
        {
          "uid": "pressure",
          "name": "pressure pipes",
          "desc": "Unlock pressure pipes",
          "type": "MINE",
          "item": "beyondreality:block",
          "statValue": 0,
          "ignoreMeta": false,
          "trophy": true,
          "xpos": 0,
          "ypos": 2
        },
        {
          "uid": "psi",
          "name": "psi",
          "desc": "Unlock psi",
          "type": "MINE",
          "item": "beyondreality:block",
          "statValue": 0,
          "ignoreMeta": false,
          "trophy": true,
          "xpos": 0,
          "ypos": 2
        },
        {
          "uid": "quark",
          "name": "quark",
          "desc": "Unlock quark",
          "type": "MINE",
          "item": "beyondreality:block",
          "statValue": 0,
          "ignoreMeta": false,
          "trophy": true,
          "xpos": 0,
          "ypos": 2
        },
        {
          "uid": "randomthings",
          "name": "randomthings",
          "desc": "Unlock randomthings",
          "type": "MINE",
          "item": "beyondreality:block",
          "statValue": 0,
          "ignoreMeta": false,
          "trophy": true,
          "xpos": 0,
          "ypos": 2
        },
        {
          "uid": "refinedstorage",
          "name": "refinedstorage",
          "desc": "Unlock refinedstorage",
          "type": "MINE",
          "item": "beyondreality:block",
          "statValue": 0,
          "ignoreMeta": false,
          "trophy": true,
          "xpos": 0,
          "ypos": 2
        },
        {
          "uid": "rflux",
          "name": "rflux",
          "desc": "Unlock rflux",
          "type": "MINE",
          "item": "beyondreality:block",
          "statValue": 0,
          "ignoreMeta": false,
          "trophy": true,
          "xpos": 0,
          "ypos": 2
        },
        {
          "uid": "roots",
          "name": "roots",
          "desc": "Unlock roots",
          "type": "MINE",
          "item": "beyondreality:block",
          "statValue": 0,
          "ignoreMeta": false,
          "trophy": true,
          "xpos": 0,
          "ypos": 2
        },
        {
          "uid": "rustic",
          "name": "rustic",
          "desc": "Unlock rustic",
          "type": "MINE",
          "item": "beyondreality:block",
          "statValue": 0,
          "ignoreMeta": false,
          "trophy": true,
          "xpos": 0,
          "ypos": 2
        },
        {
          "uid": "schr0chastmob",
          "name": "chastmob",
          "desc": "Unlock Chast Mob",
          "type": "MINE",
          "item": "beyondreality:block",
          "statValue": 0,
          "ignoreMeta": false,
          "trophy": true,
          "xpos": 0,
          "ypos": 2
        },
        {
          "uid": "simplyconveyors",
          "name": "simplyconveyors",
          "desc": "Unlock simplyconveyors",
          "type": "MINE",
          "item": "beyondreality:block",
          "statValue": 0,
          "ignoreMeta": false,
          "trophy": true,
          "xpos": 0,
          "ypos": 2
        },
        {
          "uid": "spartanshields",
          "name": "spartanshields",
          "desc": "Unlock spartanshields",
          "type": "MINE",
          "item": "beyondreality:block",
          "statValue": 0,
          "ignoreMeta": false,
          "trophy": true,
          "xpos": 0,
          "ypos": 2
        },
        {
          "uid": "stevescarts",
          "name": "stevescarts",
          "desc": "Unlock stevescarts",
          "type": "MINE",
          "item": "beyondreality:block",
          "statValue": 0,
          "ignoreMeta": false,
          "trophy": true,
          "xpos": 0,
          "ypos": 2
        },
        {
          "uid": "storagedrawers",
          "name": "storagedrawers",
          "desc": "Unlock storagedrawers",
          "type": "MINE",
          "item": "beyondreality:block",
          "statValue": 0,
          "ignoreMeta": false,
          "trophy": true,
          "xpos": 0,
          "ypos": 2
        },
        {
          "uid": "supercraftingframe",
          "name": "supercraftingframe",
          "desc": "Unlock supercraftingframe",
          "type": "MINE",
          "item": "beyondreality:block",
          "statValue": 0,
          "ignoreMeta": false,
          "trophy": true,
          "xpos": 0,
          "ypos": 2
        },
        {
          "uid": "tconstruct",
          "name": "tconstruct",
          "desc": "Unlock tconstruct",
          "type": "MINE",
          "item": "beyondreality:block",
          "statValue": 0,
          "ignoreMeta": false,
          "trophy": true,
          "xpos": 0,
          "ypos": 2
        },
        {
          "uid": "techreborn",
          "name": "techreborn",
          "desc": "Unlock techreborn",
          "type": "MINE",
          "item": "beyondreality:block",
          "statValue": 0,
          "ignoreMeta": false,
          "trophy": true,
          "xpos": 0,
          "ypos": 2
        },
        {
          "uid": "toolbelt",
          "name": "toolbelt",
          "desc": "Unlock toolbelt",
          "type": "MINE",
          "item": "beyondreality:block",
          "statValue": 0,
          "ignoreMeta": false,
          "trophy": true,
          "xpos": 0,
          "ypos": 2
        },
        {
          "uid": "torchmaster",
          "name": "torchmaster",
          "desc": "Unlock torchmaster",
          "type": "MINE",
          "item": "beyondreality:block",
          "statValue": 0,
          "ignoreMeta": false,
          "trophy": true,
          "xpos": 0,
          "ypos": 2
        },
        {
          "uid": "waystones",
          "name": "waystones",
          "desc": "Unlock waystones",
          "type": "MINE",
          "item": "beyondreality:block",
          "statValue": 0,
          "ignoreMeta": false,
          "trophy": true,
          "xpos": 0,
          "ypos": 2
        },
        {
          "uid": "wolfarmor",
          "name": "wolfarmor",
          "desc": "Unlock wolfarmor",
          "type": "MINE",
          "item": "beyondreality:block",
          "statValue": 0,
          "ignoreMeta": false,
          "trophy": true,
          "xpos": 0,
          "ypos": 2
        },
        {
          "uid": "xreliquary",
          "name": "wolfarmor",
          "desc": "Unlock wolfarmor",
          "type": "MINE",
          "item": "beyondreality:block",
          "statValue": 0,
          "ignoreMeta": false,
          "trophy": true,
          "xpos": 0,
          "ypos": 2
        },
        {
          "uid": "breakCrafting",
          "name": "Crafting Table broken",
          "desc": "Break a Crafting Table",
          "type": "MINE",
          "item": "minecraft:crafting_table",
          "statValue": 0,
          "ignoreMeta": false,
          "trophy": true,
          "xpos": 0,
          "ypos": 2
        }
      ]
    }
  ]
}
