{
  "tabs": [
    {
      "tabname": "Farscapes",
      "achievements": [
        {
          "uid": "actuallyadditions",
          "name": "Actually Additions",
          "desc": "Unlock Actually Additions",
          "type": "INTERACT",
          "item": "beyondreality:pedestal0",
          "statValue": 0,
          "ignoreMeta": false,
          "trophy": true,
          "xpos": 0,
          "ypos": 2
        },
        {
          "uid": "animania",
          "name": "Animania",
          "desc": "Unlock Animania",
          "type": "INTERACT",
          "item": "beyondreality:pedestal0",
          "meta": "1",
          "statValue": 0,
          "ignoreMeta": false,
          "trophy": true,
          "xpos": 0,
          "ypos": 2
        },
        {
          "uid": "betterbuilderswands",
          "name": "Better Builder's Wands",
          "desc": "Unlock Better Builder's Wands",
          "type": "INTERACT",
          "item": "beyondreality:pedestal0",
          "meta": "2",
          "statValue": 0,
          "ignoreMeta": false,
          "trophy": true,
          "xpos": 0,
          "ypos": 2
        },
        {
          "uid": "biomesoplenty",
          "name": "Biomes O' Plenty",
          "desc": "Unlock Biomes O' Plenty",
          "type": "INTERACT",
          "item": "beyondreality:pedestal0",
          "meta": "3",
          "statValue": 0,
          "ignoreMeta": false,
          "trophy": true,
          "xpos": 0,
          "ypos": 2
        },
        {
          "uid": "botania",
          "name": "Botania (Early Game)",
          "desc": "Unlock Botania (Early Game)",
          "type": "INTERACT",
          "item": "beyondreality:pedestal0",
          "meta": "4",
          "statValue": 0,
          "ignoreMeta": false,
          "trophy": true,
          "xpos": 0,
          "ypos": 2
        },
        {
          "uid": "botania1",
          "name": "Botania Terra",
          "desc": "Unlock Botania (Late game)",
          "type": "INTERACT",
          "item": "beyondreality:pedestal0",
          "meta": "5",
          "statValue": 0,
          "ignoreMeta": false,
          "trophy": true,
          "xpos": 0,
          "ypos": 2
        },
        {
          "uid": "botaniavisualizer",
          "name": "Botania Visualizer",
          "desc": "Unlock Botania visualizer",
          "type": "INTERACT",
          "item": "beyondreality:pedestal0",
          "meta": "6",
          "statValue": 0,
          "ignoreMeta": false,
          "trophy": true,
          "xpos": 0,
          "ypos": 2
        },
        {
          "uid": "cfm",
          "name": "MR Clay Fish",
          "desc": "Unlock Mr Cray Fish",
          "type": "INTERACT",
          "item": "beyondreality:pedestal0",
          "meta": "7",
          "statValue": 0,
          "ignoreMeta": false,
          "trophy": true,
          "xpos": 0,
          "ypos": 2
        },
        {
          "uid": "chisel",
          "name": "Chisel",
          "desc": "Unlock Chisel",
          "type": "INTERACT",
          "item": "beyondreality:pedestal0",
          "meta": "8",
          "statValue": 0,
          "ignoreMeta": false,
          "trophy": true,
          "xpos": 0,
          "ypos": 2
        },
        {
          "uid": "chiselsandbits",
          "name": "Chisels & Bits",
          "desc": "Unlock Chisels & Bits",
          "type": "INTERACT",
          "item": "beyondreality:pedestal0",
          "meta": "9",
          "statValue": 0,
          "ignoreMeta": false,
          "trophy": true,
          "xpos": 0,
          "ypos": 2
        },
        {
          "uid": "clipboard",
          "name": "Clipboard",
          "desc": "Unlock Clipboard",
          "type": "INTERACT",
          "item": "beyondreality:pedestal0",
          "meta": "10",
          "statValue": 0,
          "ignoreMeta": false,
          "trophy": true,
          "xpos": 0,
          "ypos": 2
        },
        {
          "uid": "computronics",
          "name": "Computronics",
          "desc": "Unlock Computronics",
          "type": "INTERACT",
          "item": "beyondreality:pedestal0",
          "meta": "11",
          "statValue": 0,
          "ignoreMeta": false,
          "trophy": true,
          "xpos": 0,
          "ypos": 2
        },
        {
          "uid": "embers",
          "name": "Embers",
          "desc": "Unlock Embers",
          "type": "INTERACT",
          "item": "beyondreality:pedestal0",
          "meta": "12",
          "statValue": 0,
          "ignoreMeta": false,
          "trophy": true,
          "xpos": 0,
          "ypos": 2
        },
        {
          "uid": "extrabitmanipulation",
          "name": "Extra Bit Manipulation",
          "desc": "Unlock Extra Bit Manipulation",
          "type": "INTERACT",
          "item": "beyondreality:pedestal0",
          "meta": "13",
          "statValue": 0,
          "ignoreMeta": false,
          "trophy": true,
          "xpos": 0,
          "ypos": 2
        },
        {
          "uid": "extrautils2",
          "name": "Extra Utilities",
          "desc": "Unlock Extra Utilities",
          "type": "INTERACT",
          "item": "beyondreality:pedestal0",
          "meta": "14",
          "statValue": 0,
          "ignoreMeta": false,
          "trophy": true,
          "xpos": 0,
          "ypos": 2
        },
        {
          "uid": "extrautils21",
          "name": "Extra Utilities Angel Ring",
          "desc": "Unlock Extra Utilities Angel Ring",
          "type": "INTERACT",
          "item": "beyondreality:pedestal0",
          "meta": "15",
          "statValue": 0,
          "ignoreMeta": false,
          "trophy": true,
          "xpos": 0,
          "ypos": 2
        },
        {
          "uid": "flyringbaublemod",
          "name": "Baubles Fly Ring",
          "desc": "Unlock Baubles Fly Ring",
          "type": "INTERACT",
          "item": "beyondreality:pedestal1",
          "statValue": 0,
          "parent": "extrautils21",
          "ignoreMeta": false,
          "trophy": true,
          "xpos": 0,
          "ypos": 2
        },
        {
          "uid": "gendustry",
          "name": "Gendustry",
          "desc": "Unlock Gendustry",
          "type": "INTERACT",
          "item": "beyondreality:pedestal1",
          "meta": "1",
          "statValue": 0,
          "ignoreMeta": false,
          "trophy": true,
          "xpos": 0,
          "ypos": 2
        },
        {
          "uid": "harvestcraft",
          "name": "Pam's HarvestCraft",
          "desc": "Unlock Pam's HarvestCraft",
          "type": "INTERACT",
          "item": "beyondreality:pedestal1",
          "meta": "2",
          "statValue": 0,
          "ignoreMeta": false,
          "trophy": true,
          "xpos": 0,
          "ypos": 2
        },
        {
          "uid": "ic2",
          "name": "Industrail Craft 2",
          "desc": "Unlock Industrail Craft 2",
          "type": "INTERACT",
          "item": "beyondreality:pedestal1",
          "meta": "3",
          "statValue": 0,
          "ignoreMeta": false,
          "trophy": true,
          "xpos": 0,
          "ypos": 2
        },
        {
          "uid": "integrateddynamics",
          "name": "Integrated Dynamics",
          "desc": "Unlock Integrated Dynamics",
          "type": "INTERACT",
          "item": "beyondreality:pedestal1",
          "meta": "4",
          "statValue": 0,
          "ignoreMeta": false,
          "trophy": true,
          "xpos": 0,
          "ypos": 2
        },
        {
          "uid": "integratedtunnels",
          "name": "Integrated Tunnels",
          "desc": "Unlock Integrated Tunnels",
          "type": "INTERACT",
          "item": "beyondreality:pedestal1",
          "meta": "5",
          "statValue": 0,
          "ignoreMeta": false,
          "trophy": true,
          "xpos": 0,
          "ypos": 2
        },
        {
          "uid": "literalascension",
          "name": "Literal Ascension",
          "desc": "Unlock Literal Ascension",
          "type": "INTERACT",
          "item": "beyondreality:pedestal1",
          "meta": "6",
          "statValue": 0,
          "ignoreMeta": false,
          "trophy": true,
          "xpos": 0,
          "ypos": 2
        },
        {
          "uid": "malisisdoors",
          "name": "Malisis Doors",
          "desc": "Unlock Malisis Doors",
          "type": "INTERACT",
          "item": "beyondreality:pedestal1",
          "meta": "7",
          "statValue": 0,
          "ignoreMeta": false,
          "trophy": true,
          "xpos": 0,
          "ypos": 2
        },
        {
          "uid": "malisisswitches",
          "name": "Malisis Switches",
          "desc": "Unlock Malisis Switches",
          "type": "INTERACT",
          "item": "beyondreality:pedestal1",
          "meta": "8",
          "statValue": 0,
          "ignoreMeta": false,
          "trophy": true,
          "xpos": 0,
          "ypos": 2
        },
        {
          "uid": "missing_pieces",
          "name": "Missing Pieces",
          "desc": "Unlock Missing Pieces",
          "type": "INTERACT",
          "item": "beyondreality:pedestal1",
          "meta": "9",
          "statValue": 0,
          "ignoreMeta": false,
          "trophy": true,
          "xpos": 0,
          "ypos": 2
        },
        {
          "uid": "mnu",
          "name": "MNU",
          "desc": "Unlock MNU",
          "type": "INTERACT",
          "item": "beyondreality:pedestal1",
          "meta": "10",
          "statValue": 0,
          "ignoreMeta": false,
          "trophy": true,
          "xpos": 0,
          "ypos": 2
        },
        {
          "uid": "modularrouters",
          "name": "Modular Routers",
          "desc": "Unlock Modular Routers",
          "type": "INTERACT",
          "item": "beyondreality:pedestal1",
          "meta": "11",
          "statValue": 0,
          "ignoreMeta": false,
          "trophy": true,
          "xpos": 0,
          "ypos": 2
        },
        {
          "uid": "morphtool",
          "name": "Morph-o-Tool",
          "desc": "Unlock Morph-o-Tool",
          "type": "INTERACT",
          "item": "beyondreality:pedestal1",
          "meta": "12",
          "statValue": 0,
          "ignoreMeta": false,
          "trophy": true,
          "xpos": 0,
          "ypos": 2
        },
        {
          "uid": "notenoughwands",
          "name": "Not Enough Wands",
          "desc": "Unlock Not Enough Wands",
          "type": "INTERACT",
          "item": "beyondreality:pedestal1",
          "meta": "13",
          "statValue": 0,
          "ignoreMeta": false,
          "trophy": true,
          "xpos": 0,
          "ypos": 2
        },
        {
          "uid": "nuclearcraft",
          "name": "NuclearCraft",
          "desc": "Unlock NuclearCraft",
          "type": "INTERACT",
          "item": "beyondreality:pedestal1",
          "meta": "14",
          "statValue": 0,
          "ignoreMeta": false,
          "trophy": true,
          "xpos": 0,
          "ypos": 2
        },
        {
          "uid": "opencomputers",
          "name": "OpenComputers",
          "desc": "Unlock OpenComputers",
          "type": "INTERACT",
          "item": "beyondreality:pedestal1",
          "meta": "15",
          "statValue": 0,
          "ignoreMeta": false,
          "trophy": true,
          "xpos": 0,
          "ypos": 2
        },
        {
          "uid": "oredowsing",
          "name": "Ore Dowsing",
          "desc": "Unlock Ore Dowsing",
          "type": "INTERACT",
          "item": "beyondreality:pedestal2",
          "statValue": 0,
          "ignoreMeta": false,
          "trophy": true,
          "xpos": 0,
          "ypos": 2
        },
        {
          "uid": "platforms",
          "name": "Platforms",
          "desc": "Unlock Platforms",
          "type": "INTERACT",
          "item": "beyondreality:pedestal2",
          "meta": "1",
          "statValue": 0,
          "ignoreMeta": false,
          "trophy": true,
          "xpos": 0,
          "ypos": 2
        },
        {
          "uid": "pressure",
          "name": "Pressure Pipes",
          "desc": "Unlock Pressure Pipes",
          "type": "INTERACT",
          "item": "beyondreality:pedestal2",
          "meta": "2",
          "statValue": 0,
          "ignoreMeta": false,
          "trophy": true,
          "xpos": 0,
          "ypos": 2
        },
        {
          "uid": "psi",
          "name": "Psi",
          "desc": "Unlock Psi",
          "type": "INTERACT",
          "item": "beyondreality:pedestal2",
          "meta": "3",
          "statValue": 0,
          "ignoreMeta": false,
          "trophy": true,
          "xpos": 0,
          "ypos": 2
        },
        {
          "uid": "quark",
          "name": "Quark",
          "desc": "Unlock Quark",
          "type": "INTERACT",
          "item": "beyondreality:pedestal2",
          "meta": "4",
          "statValue": 0,
          "ignoreMeta": false,
          "trophy": true,
          "xpos": 0,
          "ypos": 2
        },
        {
          "uid": "randomthings",
          "name": "Random Things",
          "desc": "Unlock Random Things",
          "type": "INTERACT",
          "item": "beyondreality:pedestal2",
          "meta": "5",
          "statValue": 0,
          "ignoreMeta": false,
          "trophy": true,
          "xpos": 0,
          "ypos": 2
        },
        {
          "uid": "refinedstorage",
          "name": "Refined Storage",
          "desc": "Unlock Refined Storage",
          "type": "INTERACT",
          "item": "beyondreality:pedestal2",
          "meta": "6",
          "statValue": 0,
          "ignoreMeta": false,
          "trophy": true,
          "xpos": 0,
          "ypos": 2
        },
        {
          "uid": "rflux",
          "name": "RF Lux",
          "desc": "Unlock RF Lux",
          "type": "INTERACT",
          "item": "beyondreality:pedestal2",
          "meta": "7",
          "statValue": 0,
          "ignoreMeta": false,
          "trophy": true,
          "xpos": 0,
          "ypos": 2
        },
        {
          "uid": "roots",
          "name": "Roots",
          "desc": "Unlock Roots",
          "type": "INTERACT",
          "item": "beyondreality:pedestal2",
          "meta": "8",
          "statValue": 0,
          "ignoreMeta": false,
          "trophy": true,
          "xpos": 0,
          "ypos": 2
        },
        {
          "uid": "rustic",
          "name": "Rustic",
          "desc": "Unlock Rustic",
          "type": "INTERACT",
          "item": "beyondreality:pedestal2",
          "meta": "9",
          "statValue": 0,
          "ignoreMeta": false,
          "trophy": true,
          "xpos": 0,
          "ypos": 2
        },
        {
          "uid": "schr0chastmob",
          "name": "Chast Mob",
          "desc": "Unlock Chast Mob",
          "type": "INTERACT",
          "item": "beyondreality:pedestal2",
          "meta": "10",
          "statValue": 0,
          "ignoreMeta": false,
          "trophy": true,
          "xpos": 0,
          "ypos": 2
        },

        {
          "uid": "spartanshields",
          "name": "Spartan Shields",
          "desc": "Unlock Spartan Shields",
          "type": "INTERACT",
          "item": "beyondreality:pedestal2",
          "meta": "12",
          "statValue": 0,
          "ignoreMeta": false,
          "trophy": true,
          "xpos": 0,
          "ypos": 2
        },
        {
          "uid": "stevescarts",
          "name": "Steve's Carts",
          "desc": "Unlock Steve's Carts",
          "type": "INTERACT",
          "item": "beyondreality:pedestal2",
          "meta": "13",
          "statValue": 0,
          "ignoreMeta": false,
          "trophy": true,
          "xpos": 0,
          "ypos": 2
        },
        {
          "uid": "storagedrawers",
          "name": "Storage Drawers",
          "desc": "Unlock Storage Drawers",
          "type": "INTERACT",
          "item": "beyondreality:pedestal2",
          "meta": "14",
          "statValue": 0,
          "ignoreMeta": false,
          "trophy": true,
          "xpos": 0,
          "ypos": 2
        },
        {
          "uid": "supercraftingframe",
          "name": "Super Crafting Frame",
          "desc": "Unlock Super Crafting Frame",
          "type": "INTERACT",
          "item": "beyondreality:pedestal2",
          "meta": "15",
          "statValue": 0,
          "ignoreMeta": false,
          "trophy": true,
          "xpos": 0,
          "ypos": 2
        },
        {
          "uid": "tconstruct",
          "name": "Tinkers' Construct",
          "desc": "Unlock Tinkers' Construct",
          "type": "INTERACT",
          "item": "beyondreality:pedestal3",
          "statValue": 0,
          "ignoreMeta": false,
          "trophy": true,
          "xpos": 0,
          "ypos": 2
        },
        {
          "uid": "techreborn",
          "name": "Tech Reborn",
          "desc": "Unlock Tech Reborn",
          "type": "INTERACT",
          "item": "beyondreality:pedestal3",
          "meta": "1",
          "statValue": 0,
          "ignoreMeta": false,
          "trophy": true,
          "xpos": 0,
          "ypos": 2
        },
        {
          "uid": "toolbelt",
          "name": "Tool Belt",
          "desc": "Unlock Tool Belt",
          "type": "INTERACT",
          "item": "beyondreality:pedestal3",
          "meta": "2",
          "statValue": 0,
          "ignoreMeta": false,
          "trophy": true,
          "xpos": 0,
          "ypos": 2
        },
        {
          "uid": "torchmaster",
          "name": "TorchMaster",
          "desc": "Unlock TorchMaster",
          "type": "INTERACT",
          "item": "beyondreality:pedestal3",
          "meta": "4",
          "statValue": 0,
          "ignoreMeta": false,
          "trophy": true,
          "xpos": 0,
          "ypos": 2
        },
        {
          "uid": "wolfarmor",
          "name": "Wolf Armor and Storage",
          "desc": "Unlock Wolf Armor and Storage",
          "type": "INTERACT",
          "item": "beyondreality:pedestal3",
          "meta": "6",
          "statValue": 0,
          "ignoreMeta": false,
          "trophy": true,
          "xpos": 0,
          "ypos": 2
        },
        {
          "uid": "xreliquary",
          "name": "Reliquary",
          "desc": "Unlock Reliquary",
          "type": "INTERACT",
          "item": "beyondreality:pedestal3",
          "meta": "7",
          "statValue": 0,
          "ignoreMeta": false,
          "trophy": true,
          "xpos": 0,
          "ypos": 2
        },
        {
          "uid": "advgenerators",
          "name": "Advanced Generators",
          "desc": "Unlock Advanced Generators",
          "type": "INTERACT",
          "item": "beyondreality:pedestal3",
          "meta": "8",
          "statValue": 0,
          "ignoreMeta": false,
          "trophy": true,
          "xpos": 0,
          "ypos": 2
        },
        {
          "uid": "bibliocraft",
          "name": "BiblioCraft",
          "desc": "Unlock BiblioCraft",
          "type": "INTERACT",
          "item": "beyondreality:pedestal3",
          "meta": "9",
          "statValue": 0,
          "ignoreMeta": false,
          "trophy": true,
          "xpos": 0,
          "ypos": 2
        },
        {
          "uid": "bloodmagic",
          "name": "Blood Magic: Alchemical Wizardry",
          "desc": "Unlock Blood Magic: Alchemical Wizardry",
          "type": "INTERACT",
          "item": "beyondreality:pedestal3",
          "meta": "11",
          "statValue": 0,
          "ignoreMeta": false,
          "trophy": true,
          "xpos": 0,
          "ypos": 2
        },
        {
          "uid": "cookingforblockheads",
          "name": "Cooking for Blockheads",
          "desc": "Unlock Cooking for Blockheads",
          "type": "INTERACT",
          "item": "beyondreality:pedestal3",
          "meta": "12",
          "statValue": 0,
          "ignoreMeta": false,
          "trophy": true,
          "xpos": 0,
          "ypos": 2
        },
        {
          "uid": "fairylights",
          "name": "Fairy Lights",
          "desc": "Unlock Fairy Lights",
          "type": "INTERACT",
          "item": "beyondreality:pedestal3",
          "meta": "13",
          "statValue": 0,
          "ignoreMeta": false,
          "trophy": true,
          "xpos": 0,
          "ypos": 2
        },
        {
          "uid": "forestry",
          "name": "Forestry",
          "desc": "Unlock Forestry",
          "type": "INTERACT",
          "item": "beyondreality:pedestal3",
          "meta": "15",
          "statValue": 0,
          "ignoreMeta": false,
          "trophy": true,
          "xpos": 0,
          "ypos": 2
        },
        {
          "uid": "galacticraftcore",
          "name": "Galacticraft Core",
          "desc": "Unlock Galacticraft Core",
          "type": "INTERACT",
          "item": "beyondreality:pedestal4",
          "meta": "1",
          "statValue": 0,
          "ignoreMeta": false,
          "trophy": true,
          "xpos": 0,
          "ypos": 2
        },
        {
          "uid": "galacticraftplanets",
          "name": "Galacticraft Planets",
          "desc": "Unlock Galacticraft Planets",
          "type": "INTERACT",
          "item": "beyondreality:pedestal4",
          "meta": "2",
          "statValue": 0,
          "ignoreMeta": false,
          "trophy": true,
          "xpos": 0,
          "ypos": 2
        },
        {
          "uid": "immersiveengineering",
          "name": "Immersive Engineering",
          "desc": "Unlock Immersive Engineering",
          "type": "INTERACT",
          "item": "beyondreality:pedestal4",
          "meta": "4",
          "statValue": 0,
          "ignoreMeta": false,
          "trophy": true,
          "xpos": 0,
          "ypos": 2
        },
        {
          "uid": "immersivepetroleum",
          "name": "Immersive Petroleum",
          "desc": "Unlock Immersive Petroleum",
          "type": "INTERACT",
          "item": "beyondreality:pedestal4",
          "meta": "5",
          "statValue": 0,
          "ignoreMeta": false,
          "trophy": true,
          "xpos": 0,
          "ypos": 2
        },
        {
          "uid": "industrialforegoing",
          "name": "Industrial Foregoing",
          "desc": "Unlock Industrial Foregoing",
          "type": "INTERACT",
          "item": "beyondreality:pedestal4",
          "meta": "6",
          "statValue": 0,
          "ignoreMeta": false,
          "trophy": true,
          "xpos": 0,
          "ypos": 2
        },
        {
          "uid": "ironchest",
          "name": "Iron Chest",
          "desc": "Unlock Iron Chest",
          "type": "INTERACT",
          "item": "beyondreality:pedestal4",
          "meta": "7",
          "statValue": 0,
          "ignoreMeta": false,
          "trophy": true,
          "xpos": 0,
          "ypos": 2
        },
        {
          "uid": "morebees",
          "name": "More Bees",
          "desc": "Unlock More Bees",
          "type": "INTERACT",
          "item": "beyondreality:pedestal4",
          "meta": "9",
          "statValue": 0,
          "ignoreMeta": false,
          "trophy": true,
          "xpos": 0,
          "ypos": 2
        },
        {
          "uid": "mowziesmobs",
          "name": "Mowzie's Mobs",
          "desc": "Unlock Mowzie's Mobs",
          "type": "INTERACT",
          "item": "beyondreality:pedestal4",
          "meta": "10",
          "statValue": 0,
          "ignoreMeta": false,
          "trophy": true,
          "xpos": 0,
          "ypos": 2
        },
        {
          "uid": "nep",
          "name": "Not Enough Potions",
          "desc": "Unlock Not Enough Potions",
          "type": "INTERACT",
          "item": "beyondreality:pedestal4",
          "meta": "11",
          "statValue": 0,
          "ignoreMeta": false,
          "trophy": true,
          "xpos": 0,
          "ypos": 2
        },
        {
          "uid": "packingtape",
          "name": "Packing Tape",
          "desc": "Unlock Packing Tape",
          "type": "INTERACT",
          "item": "beyondreality:pedestal4",
          "meta": "12",
          "statValue": 0,
          "ignoreMeta": false,
          "trophy": true,
          "xpos": 0,
          "ypos": 2
        },
        {
          "uid": "potioncore",
          "name": "Potion Core",
          "desc": "Unlock Potion Core",
          "type": "INTERACT",
          "item": "beyondreality:pedestal4",
          "meta": "13",
          "statValue": 0,
          "ignoreMeta": false,
          "trophy": true,
          "xpos": 0,
          "ypos": 2
        },
        {
          "uid": "ropebridge",
          "name": "Rope Bridge",
          "desc": "Unlock Rope Bridge",
          "type": "INTERACT",
          "item": "beyondreality:pedestal4",
          "meta": "15",
          "statValue": 0,
          "ignoreMeta": false,
          "trophy": true,
          "xpos": 0,
          "ypos": 2
        },
        {
          "uid": "translocator",
          "name": "Translocator",
          "desc": "Unlock Translocator",
          "type": "INTERACT",
          "item": "beyondreality:pedestal4",
          "meta": "3",
          "statValue": 0,
          "ignoreMeta": false,
          "trophy": true,
          "xpos": 0,
          "ypos": 2
        },
        {
          "uid": "wearablebackpacks",
          "name": "Wearable Backpacks",
          "desc": "Unlock Wearable Backpacks",
          "type": "INTERACT",
          "item": "beyondreality:pedestal4",
          "meta": "14",
          "statValue": 0,
          "ignoreMeta": false,
          "trophy": true,
          "xpos": 0,
          "ypos": 2
        },
        {
          "uid": "wearables",
          "name": "Wearables",
          "desc": "Unlock Wearables",
          "type": "INTERACT",
          "item": "beyondreality:pedestal4",
          "meta": "0",
          "statValue": 0,
          "ignoreMeta": false,
          "trophy": true,
          "xpos": 0,
          "ypos": 2
        },
        {
          "uid": "xp",
          "name": "XP Cache",
          "desc": "Unlock XP Cache",
          "type": "INTERACT",
          "item": "beyondreality:pedestal3",
          "meta": "5",
          "statValue": 0,
          "ignoreMeta": false,
          "trophy": true,
          "xpos": 0,
          "ypos": 2
        }
      ]
    }
  ]
}
